"annotation_id","annotator","created_at","id","label","lead_time","text","updated_at"
2,"1","2025-01-27T13:30:25.269188Z",1,"[{""start"":0,""end"":12,""text"":""Sanjay Singh"",""labels"":[""PROPN""]},{""start"":13,""end"":15,""text"":""‡§ï‡•Ä"",""labels"":[""ADP""]},{""start"":16,""end"":29,""text"":""Narendra Modi"",""labels"":[""PROPN""]},{""start"":30,""end"":32,""text"":""‡§ï‡•ã"",""labels"":[""ADP""]},{""start"":33,""end"":36,""text"":""‡§¶‡•ã "",""labels"":[""NUM""]},{""start"":36,""end"":39,""text"":""‡§ü‡•Ç‡§ï"",""labels"":[""NOUN""]},{""start"":39,""end"":41,""text"":"", "",""labels"":[""X""]},{""start"":41,""end"":42,""text"":""\"""",""labels"":[""X""]},{""start"":42,""end"":45,""text"":""‡§á‡§∏ "",""labels"":[""DET""]},{""start"":45,""end"":49,""text"":""‡§ú‡§®‡•ç‡§Æ"",""labels"":[""NOUN""]},{""start"":50,""end"":52,""text"":""‡§§‡•ã"",""labels"":[""PART""]},{""start"":53,""end"":57,""text"":""‡§ï‡•ç‡§Ø‡§æ"",""labels"":[""PRON_WH""]},{""start"":58,""end"":63,""text"":""‡§™‡§ø‡§õ‡§≤‡•á"",""labels"":[""ADJ""]},{""start"":64,""end"":68,""text"":""‡§ú‡§®‡•ç‡§Æ"",""labels"":[""NOUN""]},{""start"":69,""end"":72,""text"":""‡§ï‡•á "",""labels"":[""ADP""]},{""start"":72,""end"":74,""text"":""‡§≠‡•Ä"",""labels"":[""PART""]},{""start"":74,""end"":76,""text"":"".."",""labels"":[""X""]},{""start"":76,""end"":78,""text"":""\"" "",""labels"":[""X""]},{""start"":78,""end"":79,""text"":""#"",""labels"":[""X""]},{""start"":79,""end"":90,""text"":""sanjaysingh"",""labels"":[""X""]},{""start"":91,""end"":98,""text"":""#shorts"",""labels"":[""X""]}]",676.7939999999999,"Sanjay Singh ‡§ï‡•Ä Narendra Modi ‡§ï‡•ã ‡§¶‡•ã ‡§ü‡•Ç‡§ï, ""‡§á‡§∏ ‡§ú‡§®‡•ç‡§Æ ‡§§‡•ã ‡§ï‡•ç‡§Ø‡§æ ‡§™‡§ø‡§õ‡§≤‡•á ‡§ú‡§®‡•ç‡§Æ ‡§ï‡•á ‡§≠‡•Ä.."" #sanjaysingh #shorts","2025-01-27T13:42:21.678779Z"
3,"1","2025-01-27T13:55:23.983508Z",2,"[{""start"":0,""end"":2,""text"":""‡§è‡§ï"",""labels"":[""NUM""]},{""start"":3,""end"":5,""text"":""‡§î‡§∞"",""labels"":[""CONJ""]},{""start"":6,""end"":9,""text"":""AAP"",""labels"":[""PROPN""]},{""start"":15,""end"":32,""text"":""Saurabh Bharadwaj"",""labels"":[""PROPN""]},{""start"":10,""end"":14,""text"":""‡§®‡•á‡§§‡§æ"",""labels"":[""NOUN""]},{""start"":33,""end"":35,""text"":""‡§®‡•á"",""labels"":[""ADP""]},{""start"":36,""end"":41,""text"":""‡§¶‡§ø‡§ñ‡§æ‡§à"",""labels"":[""VERB""]},{""start"":42,""end"":46,""text"":""‡§Ö‡§™‡§®‡•Ä"",""labels"":[""PRON""]},{""start"":47,""end"":54,""text"":""Degree "",""labels"":[""NOUN""]},{""start"":54,""end"":55,""text"":""üî•"",""labels"":[""X""]},{""start"":58,""end"":71,""text"":""Narendra Modi"",""labels"":[""PROPN""]}]",243.573,"‡§è‡§ï ‡§î‡§∞ AAP ‡§®‡•á‡§§‡§æ Saurabh Bharadwaj ‡§®‡•á ‡§¶‡§ø‡§ñ‡§æ‡§à ‡§Ö‡§™‡§®‡•Ä Degree üî• | Narendra Modi","2025-01-27T13:55:23.983508Z"
4,"1","2025-01-27T14:00:06.629225Z",3,"[{""start"":0,""end"":2,""text"":""ED"",""labels"":[""PROPN""]},{""start"":3,""end"":5,""text"":""‡§ï‡•Ä"",""labels"":[""ADP""]},{""start"":6,""end"":10,""text"":""Fake"",""labels"":[""ADJ""]},{""start"":11,""end"":22,""text"":""Chargesheet"",""labels"":[""NOUN""]},{""start"":23,""end"":25,""text"":""‡§∏‡•á"",""labels"":[""ADP""]},{""start"":26,""end"":38,""text"":""Sanjay Singh"",""labels"":[""PROPN""]},{""start"":38,""end"":41,""text"":"" ‡§®‡•á"",""labels"":[""ADP""]},{""start"":42,""end"":47,""text"":""Modi "",""labels"":[""PROPN""]},{""start"":47,""end"":49,""text"":""‡§ï‡•ã"",""labels"":[""ADP""]},{""start"":50,""end"":54,""text"":""‡§ï‡§ø‡§Ø‡§æ"",""labels"":[""VERB""]},{""start"":55,""end"":61,""text"":""EXPOSE"",""labels"":[""VERB""]},{""start"":62,""end"":64,""text"":""| "",""labels"":[""X""]},{""start"":64,""end"":79,""text"":""Aam Aadmi Party"",""labels"":[""PROPN""]}]",280.429,"ED ‡§ï‡•Ä Fake Chargesheet ‡§∏‡•á Sanjay Singh ‡§®‡•á Modi ‡§ï‡•ã ‡§ï‡§ø‡§Ø‡§æ EXPOSE | Aam Aadmi Party","2025-01-27T14:00:06.629225Z"
5,"1","2025-01-27T14:02:22.066154Z",4,"[{""start"":0,""end"":15,""text"":""Arvind Kejriwal"",""labels"":[""PROPN""]},{""start"":16,""end"":18,""text"":""‡§∏‡•á"",""labels"":[""ADP""]},{""start"":19,""end"":24,""text"":""‡§Æ‡§ø‡§≤‡§®‡•á"",""labels"":[""VERB""]},{""start"":25,""end"":31,""text"":""‡§™‡§π‡•Å‡§Ç‡§ö‡•á"",""labels"":[""VERB""]},{""start"":32,""end"":44,""text"":""Nitish Kumar"",""labels"":[""PROPN""]},{""start"":45,""end"":47,""text"":""‡§®‡•á"",""labels"":[""ADP""]},{""start"":48,""end"":64,""text"":""Opposition Unity"",""labels"":[""NOUN""]},{""start"":65,""end"":68,""text"":""‡§™‡§∞ "",""labels"":[""ADP""]},{""start"":68,""end"":72,""text"":""‡§ï‡•ç‡§Ø‡§æ"",""labels"":[""PRON_WH""]},{""start"":73,""end"":76,""text"":""‡§ï‡§π‡§æ"",""labels"":[""VERB""]},{""start"":76,""end"":77,""text"":""?"",""labels"":[""X""]},{""start"":78,""end"":79,""text"":""|"",""labels"":[""X""]},{""start"":80,""end"":95,""text"":""Aam Aadmi Party"",""labels"":[""PROPN""]}]",133.973,"Arvind Kejriwal ‡§∏‡•á ‡§Æ‡§ø‡§≤‡§®‡•á ‡§™‡§π‡•Å‡§Ç‡§ö‡•á Nitish Kumar ‡§®‡•á Opposition Unity ‡§™‡§∞ ‡§ï‡•ç‡§Ø‡§æ ‡§ï‡§π‡§æ? | Aam Aadmi Party","2025-01-27T14:02:22.066154Z"
6,"1","2025-01-27T14:04:56.902045Z",5,"[{""start"":0,""end"":2,""text"":""‡§è‡§ï"",""labels"":[""NUM""]},{""start"":3,""end"":5,""text"":""‡§î‡§∞"",""labels"":[""CONJ""]},{""start"":6,""end"":9,""text"":""AAP"",""labels"":[""PROPN""]},{""start"":10,""end"":14,""text"":""‡§®‡•á‡§§‡§æ"",""labels"":[""NOUN""]},{""start"":15,""end"":27,""text"":""Jasmine Shah"",""labels"":[""PROPN""]},{""start"":28,""end"":30,""text"":""‡§®‡•á"",""labels"":[""ADP""]},{""start"":31,""end"":47,""text"":""Press Conference"",""labels"":[""NOUN""]},{""start"":48,""end"":51,""text"":""‡§Æ‡•á‡§Ç"",""labels"":[""ADP""]},{""start"":52,""end"":57,""text"":""‡§¶‡§ø‡§ñ‡§æ "",""labels"":[""VERB""]},{""start"":57,""end"":59,""text"":""‡§¶‡•Ä"",""labels"":[""PART""]},{""start"":60,""end"":64,""text"":""‡§Ö‡§™‡§®‡•Ä"",""labels"":[""PRON""]},{""start"":65,""end"":71,""text"":""Degree"",""labels"":[""NOUN""]},{""start"":72,""end"":73,""text"":""üî•"",""labels"":[""X""]},{""start"":73,""end"":76,""text"":"" | "",""labels"":[""X""]},{""start"":76,""end"":89,""text"":""Narendra Modi"",""labels"":[""PROPN""]}]",152.533,"‡§è‡§ï ‡§î‡§∞ AAP ‡§®‡•á‡§§‡§æ Jasmine Shah ‡§®‡•á Press Conference ‡§Æ‡•á‡§Ç ‡§¶‡§ø‡§ñ‡§æ ‡§¶‡•Ä ‡§Ö‡§™‡§®‡•Ä Degree üî• | Narendra Modi","2025-01-27T14:04:56.902045Z"
7,"1","2025-01-27T14:07:30.168825Z",6,"[{""start"":0,""end"":21,""text"":""LG Vinai Kumar Saxena"",""labels"":[""PROPN""]},{""start"":22,""end"":25,""text"":""‡§ï‡•Ä "",""labels"":[""ADP""]},{""start"":25,""end"":30,""text"":""‡§ï‡•å‡§®‡§∏‡•Ä"",""labels"":[""PRON_WH""]},{""start"":31,""end"":34,""text"":""‡§¨‡§æ‡§§"",""labels"":[""NOUN""]},{""start"":35,""end"":37,""text"":""‡§™‡§∞"",""labels"":[""ADP""]},{""start"":38,""end"":56,""text"":""Saurabh Bharadwaj "",""labels"":[""PROPN""]},{""start"":56,""end"":59,""text"":""‡§ï‡•ã "",""labels"":[""ADP""]},{""start"":59,""end"":63,""text"":""‡§π‡§Ç‡§∏‡•Ä"",""labels"":[""NOUN""]},{""start"":64,""end"":66,""text"":""‡§Ü "",""labels"":[""VERB""]},{""start"":66,""end"":69,""text"":""‡§ó‡§à "",""labels"":[""PART""]},{""start"":69,""end"":70,""text"":""ü§£"",""labels"":[""X""]},{""start"":77,""end"":79,""text"":""Vs"",""labels"":[""X""]},{""start"":71,""end"":73,""text"":""| "",""labels"":[""X""]},{""start"":73,""end"":77,""text"":""AAP "",""labels"":[""PROPN""]},{""start"":80,""end"":83,""text"":""BJP"",""labels"":[""PROPN""]}]",151.916,"LG Vinai Kumar Saxena ‡§ï‡•Ä ‡§ï‡•å‡§®‡§∏‡•Ä ‡§¨‡§æ‡§§ ‡§™‡§∞ Saurabh Bharadwaj ‡§ï‡•ã ‡§π‡§Ç‡§∏‡•Ä ‡§Ü ‡§ó‡§à ü§£ | AAP Vs BJP","2025-01-27T14:07:30.168825Z"
8,"1","2025-01-27T14:10:25.023986Z",7,"[{""start"":0,""end"":6,""text"":""Atishi"",""labels"":[""PROPN""]},{""start"":7,""end"":9,""text"":""‡§®‡•á"",""labels"":[""ADP""]},{""start"":10,""end"":14,""text"":""‡§Ö‡§™‡§®‡•Ä"",""labels"":[""PRON""]},{""start"":15,""end"":17,""text"":""DU"",""labels"":[""PROPN""]},{""start"":21,""end"":27,""text"":""Oxford"",""labels"":[""PROPN""]},{""start"":18,""end"":20,""text"":""‡§î‡§∞"",""labels"":[""CONJ""]},{""start"":28,""end"":30,""text"":""‡§ï‡•Ä"",""labels"":[""ADP""]},{""start"":31,""end"":37,""text"":""Degree"",""labels"":[""NOUN""]},{""start"":38,""end"":44,""text"":""‡§¶‡§ø‡§ñ‡§æ‡§ï‡§∞"",""labels"":[""VERB""]},{""start"":45,""end"":49,""text"":""‡§∂‡•Å‡§∞‡•Ç"",""labels"":[""VERB""]},{""start"":50,""end"":54,""text"":""‡§ï‡§ø‡§Ø‡§æ"",""labels"":[""PART""]},{""start"":55,""end"":56,""text"":""'"",""labels"":[""X""]},{""start"":56,""end"":75,""text"":""Degree ‡§¶‡§ø‡§ñ‡§æ‡§ì ‡§Ö‡§≠‡§ø‡§Ø‡§æ‡§®"",""labels"":[""NOUN""]},{""start"":75,""end"":76,""text"":""'"",""labels"":[""X""]},{""start"":77,""end"":78,""text"":""|"",""labels"":[""X""]},{""start"":79,""end"":92,""text"":""Narendra Modi"",""labels"":[""PROPN""]}]",173.11,"Atishi ‡§®‡•á ‡§Ö‡§™‡§®‡•Ä DU ‡§î‡§∞ Oxford ‡§ï‡•Ä Degree ‡§¶‡§ø‡§ñ‡§æ‡§ï‡§∞ ‡§∂‡•Å‡§∞‡•Ç ‡§ï‡§ø‡§Ø‡§æ 'Degree ‡§¶‡§ø‡§ñ‡§æ‡§ì ‡§Ö‡§≠‡§ø‡§Ø‡§æ‡§®' | Narendra Modi","2025-01-27T14:10:25.023986Z"
10,"1","2025-01-27T14:16:22.025888Z",8,"[{""start"":0,""end"":14,""text"":""Manish Sisodia"",""labels"":[""PROPN""]},{""start"":15,""end"":17,""text"":""‡§ï‡•á"",""labels"":[""ADP""]},{""start"":18,""end"":24,""text"":""Arrest"",""labels"":[""NOUN""]},{""start"":25,""end"":27,""text"":""‡§™‡§∞"",""labels"":[""ADP""]},{""start"":28,""end"":43,""text"":""Arvind Kejriwal"",""labels"":[""PROPN""]},{""start"":43,""end"":46,""text"":"" ‡§®‡•á"",""labels"":[""ADP""]},{""start"":47,""end"":52,""text"":""‡§ï‡•ç‡§Ø‡§æ "",""labels"":[""PRON_WH""]},{""start"":52,""end"":54,""text"":""‡§ï‡§π"",""labels"":[""VERB""]},{""start"":55,""end"":59,""text"":""‡§¶‡§ø‡§Ø‡§æ"",""labels"":[""PART""]},{""start"":59,""end"":61,""text"":""? "",""labels"":[""X""]},{""start"":61,""end"":62,""text"":""|"",""labels"":[""X""]},{""start"":63,""end"":95,""text"":""#aamaadmiparty #kejriwal #shorts"",""labels"":[""X""]}]",52.813,"Manish Sisodia ‡§ï‡•á Arrest ‡§™‡§∞ Arvind Kejriwal ‡§®‡•á ‡§ï‡•ç‡§Ø‡§æ ‡§ï‡§π ‡§¶‡§ø‡§Ø‡§æ? | #aamaadmiparty #kejriwal #shorts","2025-01-27T14:16:22.025888Z"
11,"1","2025-01-27T14:17:56.306342Z",9,"[{""start"":0,""end"":15,""text"":""Arvind Kejriwal"",""labels"":[""PROPN""]},{""start"":16,""end"":18,""text"":""‡§®‡•á"",""labels"":[""ADP""]},{""start"":19,""end"":36,""text"":""Delhi Govt School"",""labels"":[""PROPN""]},{""start"":37,""end"":39,""text"":""‡§™‡§∞"",""labels"":[""ADP""]},{""start"":40,""end"":43,""text"":""BJP"",""labels"":[""PROPN""]},{""start"":44,""end"":46,""text"":""‡§ï‡•ã"",""labels"":[""ADP""]},{""start"":47,""end"":51,""text"":""‡§¶‡§ø‡§Ø‡§æ"",""labels"":[""VERB""]},{""start"":52,""end"":66,""text"":""OPEN CHALLENGE"",""labels"":[""NOUN""]},{""start"":67,""end"":68,""text"":""|"",""labels"":[""X""]},{""start"":69,""end"":72,""text"":""BJP"",""labels"":[""PROPN""]},{""start"":73,""end"":78,""text"":""‡§µ‡§æ‡§≤‡•ã "",""labels"":[""PRON""]},{""start"":78,""end"":80,""text"":""‡§ï‡•Ä"",""labels"":[""ADP""]},{""start"":81,""end"":83,""text"":""‡§â‡•ú"",""labels"":[""VERB""]},{""start"":84,""end"":87,""text"":""‡§ó‡§Ø‡•Ä"",""labels"":[""PART""]},{""start"":88,""end"":93,""text"":""‡§®‡•Ä‡§Ç‡§¶ "",""labels"":[""NOUN""]},{""start"":93,""end"":97,""text"":""‚ö°Ô∏è‚ö°Ô∏è"",""labels"":[""X""]}]",86.761,"Arvind Kejriwal ‡§®‡•á Delhi Govt School ‡§™‡§∞ BJP ‡§ï‡•ã ‡§¶‡§ø‡§Ø‡§æ OPEN CHALLENGE | BJP ‡§µ‡§æ‡§≤‡•ã ‡§ï‡•Ä ‡§â‡•ú ‡§ó‡§Ø‡•Ä ‡§®‡•Ä‡§Ç‡§¶ ‚ö°Ô∏è‚ö°Ô∏è","2025-01-27T14:17:56.306342Z"
12,"1","2025-01-27T14:19:36.420879Z",10,"[{""start"":0,""end"":2,""text"":""CM"",""labels"":[""NOUN""]},{""start"":3,""end"":18,""text"":""Arvind Kejriwal"",""labels"":[""PROPN""]},{""start"":19,""end"":22,""text"":""‡§®‡•á "",""labels"":[""ADP""]},{""start"":22,""end"":27,""text"":""Delhi"",""labels"":[""PROPN""]},{""start"":28,""end"":30,""text"":""‡§ï‡•á"",""labels"":[""ADP""]},{""start"":31,""end"":47,""text"":""East Vinod Nagar"",""labels"":[""PROPN""]},{""start"":47,""end"":51,""text"":"" ‡§Æ‡•á‡§Ç"",""labels"":[""ADP""]},{""start"":52,""end"":54,""text"":""‡§®‡§à"",""labels"":[""ADJ""]},{""start"":55,""end"":70,""text"":""School Building"",""labels"":[""NOUN""]},{""start"":71,""end"":73,""text"":""‡§ï‡§æ"",""labels"":[""ADP""]},{""start"":74,""end"":78,""text"":""‡§ï‡§ø‡§Ø‡§æ"",""labels"":[""VERB""]},{""start"":78,""end"":88,""text"":"" ‡§∂‡§ø‡§≤‡§æ‡§®‡•ç‡§Ø‡§æ‡§∏"",""labels"":[""NOUN""]}]",99.257,"CM Arvind Kejriwal ‡§®‡•á Delhi ‡§ï‡•á East Vinod Nagar ‡§Æ‡•á‡§Ç ‡§®‡§à School Building ‡§ï‡§æ ‡§ï‡§ø‡§Ø‡§æ ‡§∂‡§ø‡§≤‡§æ‡§®‡•ç‡§Ø‡§æ‡§∏","2025-01-27T14:19:36.420879Z"
13,"1","2025-01-27T14:21:42.839311Z",11,"[{""start"":0,""end"":15,""text"":""Arvind Kejriwal"",""labels"":[""PROPN""]},{""start"":16,""end"":18,""text"":""‡§®‡•á"",""labels"":[""ADP""]},{""start"":19,""end"":25,""text"":""Punjab"",""labels"":[""PROPN""]},{""start"":26,""end"":30,""text"":""‡§Æ‡•á‡§Ç "",""labels"":[""ADP""]},{""start"":30,""end"":41,""text"":""Law & Order"",""labels"":[""NOUN""]},{""start"":42,""end"":45,""text"":""‡§Æ‡•á‡§Ç"",""labels"":[""ADP""]},{""start"":46,""end"":49,""text"":""‡§π‡•Å‡§è"",""labels"":[""VERB""]},{""start"":50,""end"":61,""text"":""‡§ï‡•ç‡§∞‡§®‡•ç‡§§‡§ø‡§ï‡§æ‡§∞‡•Ä"",""labels"":[""ADJ""]},{""start"":62,""end"":67,""text"":""‡§¨‡§¶‡§≤‡§æ‡§µ"",""labels"":[""NOUN""]},{""start"":67,""end"":70,""text"":"" ‡§ï‡•á"",""labels"":[""ADP""]},{""start"":71,""end"":75,""text"":""‡§¨‡§æ‡§∞‡•á"",""labels"":[""PART""]},{""start"":76,""end"":80,""text"":""‡§Æ‡•á‡§Ç "",""labels"":[""ADP""]},{""start"":80,""end"":85,""text"":""‡§¨‡§§‡§æ‡§Ø‡§æ"",""labels"":[""VERB""]},{""start"":86,""end"":100,""text"":""| #aap #shorts"",""labels"":[""X""]}]",125.326,"Arvind Kejriwal ‡§®‡•á Punjab ‡§Æ‡•á‡§Ç Law & Order ‡§Æ‡•á‡§Ç ‡§π‡•Å‡§è ‡§ï‡•ç‡§∞‡§®‡•ç‡§§‡§ø‡§ï‡§æ‡§∞‡•Ä ‡§¨‡§¶‡§≤‡§æ‡§µ ‡§ï‡•á ‡§¨‡§æ‡§∞‡•á ‡§Æ‡•á‡§Ç ‡§¨‡§§‡§æ‡§Ø‡§æ | #aap #shorts","2025-01-27T14:21:42.839311Z"
14,"1","2025-01-27T14:23:09.296153Z",12,"[{""start"":0,""end"":15,""text"":""Hanuman Jayanti"",""labels"":[""PROPN""]},{""start"":15,""end"":18,""text"":"" | "",""labels"":[""X""]},{""start"":58,""end"":69,""text"":""#bajranbali"",""labels"":[""X""]},{""start"":18,""end"":30,""text"":""‡§π‡§®‡•Å‡§Æ‡§æ‡§® ‡§ú‡§Ø‡§Ç‡§§‡•Ä"",""labels"":[""PROPN""]},{""start"":31,""end"":34,""text"":""‡§™‡§∞ "",""labels"":[""ADP""]},{""start"":34,""end"":49,""text"":""Arvind Kejriwal"",""labels"":[""PROPN""]},{""start"":49,""end"":52,""text"":"" ‡§®‡•á"",""labels"":[""ADP""]},{""start"":53,""end"":57,""text"":""‡§≤‡§ø‡§Ø‡§æ"",""labels"":[""VERB""]},{""start"":70,""end"":72,""text"":""‡§ï‡§æ"",""labels"":[""ADP""]},{""start"":72,""end"":81,""text"":"" ‡§Ü‡§∂‡•Ä‡§∞‡•ç‡§µ‡§æ‡§¶"",""labels"":[""NOUN""]},{""start"":82,""end"":83,""text"":""|"",""labels"":[""X""]},{""start"":84,""end"":99,""text"":""#hanumanjayanti"",""labels"":[""X""]}]",84.404,"Hanuman Jayanti | ‡§π‡§®‡•Å‡§Æ‡§æ‡§® ‡§ú‡§Ø‡§Ç‡§§‡•Ä ‡§™‡§∞ Arvind Kejriwal ‡§®‡•á ‡§≤‡§ø‡§Ø‡§æ #bajranbali ‡§ï‡§æ ‡§Ü‡§∂‡•Ä‡§∞‡•ç‡§µ‡§æ‡§¶ | #hanumanjayanti","2025-01-27T14:23:09.296153Z"
15,"1","2025-01-27T14:25:22.952332Z",13,"[{""start"":0,""end"":11,""text"":""Adani Modi "",""labels"":[""PROPN""]},{""start"":11,""end"":13,""text"":""‡§™‡§∞"",""labels"":[""ADP""]},{""start"":14,""end"":17,""text"":""AAP"",""labels"":[""PROPN""]},{""start"":18,""end"":22,""text"":""‡§®‡•á‡§§‡§æ"",""labels"":[""NOUN""]},{""start"":23,""end"":35,""text"":""Sanjay Singh"",""labels"":[""PROPN""]},{""start"":35,""end"":38,""text"":"" ‡§®‡•á"",""labels"":[""ADJ""]},{""start"":39,""end"":43,""text"":""‡§ï‡§ø‡§Ø‡§æ"",""labels"":[""VERB""]},{""start"":44,""end"":47,""text"":""‡§¨‡•ú‡§æ"",""labels"":[""ADJ""]},{""start"":48,""end"":54,""text"":""‡§ñ‡•Å‡§≤‡§æ‡§∏‡§æ"",""labels"":[""NOUN""]},{""start"":55,""end"":56,""text"":""üî•"",""labels"":[""X""]},{""start"":57,""end"":59,""text"":""| "",""labels"":[""X""]},{""start"":59,""end"":62,""text"":""‡§∏‡•Å‡§®"",""labels"":[""VERB""]},{""start"":62,""end"":65,""text"":"" ‡§ï‡§∞"",""labels"":[""PART""]},{""start"":65,""end"":72,""text"":"" ‡§π‡•à‡§∞‡§æ‡§® "",""labels"":[""ADJ""]},{""start"":72,""end"":74,""text"":""‡§π‡•ã"",""labels"":[""VERB""]},{""start"":75,""end"":80,""text"":""‡§ú‡§æ‡§ì‡§ó‡•á"",""labels"":[""VERB""]},{""start"":81,""end"":83,""text"":""‡§Ü‡§™"",""labels"":[""PRON""]}]",131.87,"Adani Modi ‡§™‡§∞ AAP ‡§®‡•á‡§§‡§æ Sanjay Singh ‡§®‡•á ‡§ï‡§ø‡§Ø‡§æ ‡§¨‡•ú‡§æ ‡§ñ‡•Å‡§≤‡§æ‡§∏‡§æ üî• | ‡§∏‡•Å‡§® ‡§ï‡§∞ ‡§π‡•à‡§∞‡§æ‡§® ‡§π‡•ã ‡§ú‡§æ‡§ì‡§ó‡•á ‡§Ü‡§™","2025-01-27T14:25:22.952332Z"
16,"1","2025-01-27T14:28:12.221101Z",14,"[{""start"":0,""end"":6,""text"":""Punjab"",""labels"":[""PROPN""]},{""start"":7,""end"":10,""text"":""‡§Æ‡•á‡§Ç"",""labels"":[""ADP""]},{""start"":10,""end"":27,""text"":"" 'CM Di Yogshala'"",""labels"":[""PROPN""]},{""start"":28,""end"":30,""text"":""‡§ï‡•á"",""labels"":[""ADP""]},{""start"":31,""end"":37,""text"":""Launch"",""labels"":[""NOUN""]},{""start"":38,""end"":40,""text"":""‡§ï‡•á"",""labels"":[""ADP""]},{""start"":41,""end"":45,""text"":""‡§Æ‡•å‡§ï‡•á"",""labels"":[""NOUN""]},{""start"":46,""end"":48,""text"":""‡§™‡§∞"",""labels"":[""ADP""]},{""start"":49,""end"":64,""text"":""Arvind Kejriwal"",""labels"":[""PROPN""]},{""start"":65,""end"":67,""text"":""‡§ï‡•Ä"",""labels"":[""ADP""]},{""start"":68,""end"":72,""text"":""Full"",""labels"":[""ADJ""]},{""start"":73,""end"":79,""text"":""Latest"",""labels"":[""ADJ""]},{""start"":80,""end"":86,""text"":""Speech"",""labels"":[""NOUN""]},{""start"":87,""end"":88,""text"":""üî•"",""labels"":[""X""]},{""start"":88,""end"":89,""text"":""|"",""labels"":[""X""]},{""start"":90,""end"":93,""text"":""AAP"",""labels"":[""PROPN""]},{""start"":94,""end"":100,""text"":""Punjab"",""labels"":[""PROPN""]}]",167.531,"Punjab ‡§Æ‡•á‡§Ç 'CM Di Yogshala' ‡§ï‡•á Launch ‡§ï‡•á ‡§Æ‡•å‡§ï‡•á ‡§™‡§∞ Arvind Kejriwal ‡§ï‡•Ä Full Latest Speech üî•| AAP Punjab","2025-01-27T14:28:12.221101Z"
17,"1","2025-01-27T14:29:50.731278Z",15,"[{""start"":0,""end"":6,""text"":""Punjab"",""labels"":[""PROPN""]},{""start"":6,""end"":11,""text"":"" ‡§Æ‡•á‡§Ç "",""labels"":[""ADP""]},{""start"":11,""end"":26,""text"":""Arvind Kejriwal"",""labels"":[""PROPN""]},{""start"":27,""end"":29,""text"":""‡§î‡§∞"",""labels"":[""CONJ""]},{""start"":30,""end"":33,""text"":""CM "",""labels"":[""NOUN""]},{""start"":33,""end"":46,""text"":""Bhagwant Mann"",""labels"":[""PROPN""]},{""start"":47,""end"":49,""text"":""‡§ï‡•Ä"",""labels"":[""ADP""]},{""start"":50,""end"":66,""text"":""Press Conference"",""labels"":[""NOUN""]},{""start"":66,""end"":68,""text"":"" |"",""labels"":[""X""]},{""start"":69,""end"":84,""text"":""Aam Aadmi Party"",""labels"":[""PROPN""]},{""start"":85,""end"":91,""text"":""Punjab"",""labels"":[""PROPN""]}]",95.956,"Punjab ‡§Æ‡•á‡§Ç Arvind Kejriwal ‡§î‡§∞ CM Bhagwant Mann ‡§ï‡•Ä Press Conference | Aam Aadmi Party Punjab","2025-01-27T14:29:50.731278Z"
18,"1","2025-01-27T14:31:09.701909Z",16,"[{""start"":0,""end"":15,""text"":""Arvind Kejriwal"",""labels"":[""PROPN""]},{""start"":16,""end"":19,""text"":""and"",""labels"":[""CONJ""]},{""start"":20,""end"":22,""text"":""CM"",""labels"":[""NOUN""]},{""start"":23,""end"":36,""text"":""Bhagwant Mann"",""labels"":[""PROPN""]},{""start"":37,""end"":39,""text"":""‡§®‡•á"",""labels"":[""ADP""]},{""start"":40,""end"":46,""text"":""Punjab"",""labels"":[""PROPN""]},{""start"":47,""end"":51,""text"":""‡§Æ‡•á‡§Ç "",""labels"":[""ADP""]},{""start"":51,""end"":55,""text"":""‡§∂‡•Å‡§∞‡•Ç"",""labels"":[""VERB""]},{""start"":55,""end"":58,""text"":"" ‡§ï‡•Ä"",""labels"":[""ADP""]},{""start"":58,""end"":76,""text"":"" 'CM Di Yogshala' "",""labels"":[""PROPN""]},{""start"":76,""end"":77,""text"":""|"",""labels"":[""X""]},{""start"":78,""end"":81,""text"":""AAP"",""labels"":[""PROPN""]},{""start"":82,""end"":88,""text"":""Punjab"",""labels"":[""PROPN""]}]",77.816,"Arvind Kejriwal and CM Bhagwant Mann ‡§®‡•á Punjab ‡§Æ‡•á‡§Ç ‡§∂‡•Å‡§∞‡•Ç ‡§ï‡•Ä 'CM Di Yogshala' | AAP Punjab","2025-01-27T14:31:09.701909Z"
19,"1","2025-01-27T14:33:28.339870Z",17,"[{""start"":0,""end"":3,""text"":""BJP"",""labels"":[""PROPN""]},{""start"":4,""end"":7,""text"":""‡§î‡§∞ "",""labels"":[""CONJ""]},{""start"":7,""end"":15,""text"":""Congress"",""labels"":[""PROPN""]},{""start"":16,""end"":18,""text"":""‡§∏‡•á"",""labels"":[""ADP""]},{""start"":19,""end"":26,""text"":""‡§™‡§∞‡•á‡§∂‡§æ‡§® "",""labels"":[""ADJ""]},{""start"":26,""end"":30,""text"":""‡§π‡•ã‡§ï‡§∞"",""labels"":[""VERB""]},{""start"":31,""end"":37,""text"":""#Assam"",""labels"":[""X""]},{""start"":38,""end"":40,""text"":""‡§ï‡•á"",""labels"":[""ADP""]},{""start"":41,""end"":46,""text"":""‡§≤‡•ã‡§ó‡•ã‡§Ç"",""labels"":[""NOUN""]},{""start"":46,""end"":49,""text"":"" ‡§®‡•á"",""labels"":[""ADP""]},{""start"":50,""end"":64,""text"":""#AamAadmiParty"",""labels"":[""X""]},{""start"":65,""end"":67,""text"":""‡§ï‡•ã"",""labels"":[""ADP""]},{""start"":68,""end"":75,""text"":""‡§®‡•ç‡§Ø‡•ã‡§§‡§æ "",""labels"":[""NOUN""]},{""start"":75,""end"":79,""text"":""‡§¶‡§ø‡§Ø‡§æ"",""labels"":[""VERB""]},{""start"":79,""end"":80,""text"":"":"",""labels"":[""X""]},{""start"":81,""end"":96,""text"":""#ArvindKejriwal"",""labels"":[""X""]}]",135.235,"BJP ‡§î‡§∞ Congress ‡§∏‡•á ‡§™‡§∞‡•á‡§∂‡§æ‡§® ‡§π‡•ã‡§ï‡§∞ #Assam ‡§ï‡•á ‡§≤‡•ã‡§ó‡•ã‡§Ç ‡§®‡•á #AamAadmiParty ‡§ï‡•ã ‡§®‡•ç‡§Ø‡•ã‡§§‡§æ ‡§¶‡§ø‡§Ø‡§æ: #ArvindKejriwal","2025-01-27T14:33:28.339870Z"
20,"1","2025-01-27T14:35:41.138974Z",18,"[{""start"":0,""end"":5,""text"":""Assam"",""labels"":[""PROPN""]},{""start"":6,""end"":8,""text"":""CM"",""labels"":[""NOUN""]},{""start"":9,""end"":11,""text"":""‡§ï‡•ã"",""labels"":[""ADP""]},{""start"":12,""end"":27,""text"":""Arvind Kejriwal"",""labels"":[""PROPN""]},{""start"":28,""end"":30,""text"":""‡§ï‡§æ"",""labels"":[""ADP""]},{""start"":30,""end"":41,""text"":"" Invitation"",""labels"":[""NOUN""]},{""start"":41,""end"":43,""text"":"", "",""labels"":[""X""]},{""start"":43,""end"":49,""text"":""‡§∂‡§æ‡§®‡§¶‡§æ‡§∞"",""labels"":[""ADJ""]},{""start"":50,""end"":61,""text"":""Govt School"",""labels"":[""NOUN""]},{""start"":61,""end"":63,""text"":"" ,"",""labels"":[""X""]},{""start"":64,""end"":72,""text"":""Hospital"",""labels"":[""NOUN""]},{""start"":73,""end"":76,""text"":""‡§î‡§∞ "",""labels"":[""CONJ""]},{""start"":76,""end"":90,""text"":""Mohalla Clinic"",""labels"":[""NOUN""]},{""start"":90,""end"":99,""text"":"" ‡§¶‡§ø‡§ñ‡§æ‡§è‡§Ç‡§ó‡•á"",""labels"":[""VERB""]},{""start"":99,""end"":100,""text"":""!"",""labels"":[""X""]}]",130.676,"Assam CM ‡§ï‡•ã Arvind Kejriwal ‡§ï‡§æ Invitation, ‡§∂‡§æ‡§®‡§¶‡§æ‡§∞ Govt School , Hospital ‡§î‡§∞ Mohalla Clinic ‡§¶‡§ø‡§ñ‡§æ‡§è‡§Ç‡§ó‡•á!","2025-01-27T14:35:41.138974Z"
21,"1","2025-01-27T14:37:25.283081Z",19,"[{""start"":0,""end"":2,""text"":""PM"",""labels"":[""NOUN""]},{""start"":3,""end"":7,""text"":""Modi"",""labels"":[""PROPN""]},{""start"":8,""end"":11,""text"":""‡§®‡•á "",""labels"":[""ADP""]},{""start"":11,""end"":14,""text"":""‡§ï‡•Ä "",""labels"":[""ADP""]},{""start"":14,""end"":17,""text"":""CBI"",""labels"":[""PROPN""]},{""start"":18,""end"":23,""text"":""‡§§‡§æ‡§∞‡•Ä‡§´"",""labels"":[""NOUN""]},{""start"":24,""end"":36,""text"":""Sanjay Singh"",""labels"":[""PROPN""]},{""start"":37,""end"":40,""text"":""‡§®‡•á "",""labels"":[""ADP""]},{""start"":40,""end"":44,""text"":""‡§ï‡§ø‡§Ø‡§æ"",""labels"":[""VERB""]},{""start"":45,""end"":51,""text"":""EXPOSE"",""labels"":[""VERB""]},{""start"":52,""end"":54,""text"":""| "",""labels"":[""X""]},{""start"":54,""end"":58,""text"":""‡§™‡•Ç‡§õ‡•á"",""labels"":[""VERB""]},{""start"":59,""end"":63,""text"":""‡§ï‡•ú‡•á "",""labels"":[""ADJ""]},{""start"":63,""end"":67,""text"":""‡§∏‡§µ‡§æ‡§≤"",""labels"":[""NOUN""]},{""start"":67,""end"":69,""text"":"" |"",""labels"":[""X""]},{""start"":70,""end"":85,""text"":""Aam Aadmi Party"",""labels"":[""PROPN""]}]",101.679,"PM Modi ‡§®‡•á ‡§ï‡•Ä CBI ‡§§‡§æ‡§∞‡•Ä‡§´ Sanjay Singh ‡§®‡•á ‡§ï‡§ø‡§Ø‡§æ EXPOSE | ‡§™‡•Ç‡§õ‡•á ‡§ï‡•ú‡•á ‡§∏‡§µ‡§æ‡§≤ | Aam Aadmi Party","2025-01-27T14:37:25.283081Z"
22,"1","2025-01-27T14:39:16.033190Z",20,"[{""start"":0,""end"":5,""text"":""Adani"",""labels"":[""PROPN""]},{""start"":6,""end"":8,""text"":""‡§î‡§∞"",""labels"":[""CONJ""]},{""start"":9,""end"":25,""text"":""Gujarat BJP Govt"",""labels"":[""PROPN""]},{""start"":25,""end"":29,""text"":"" ‡§Æ‡§ø‡§≤"",""labels"":[""VERB""]},{""start"":30,""end"":32,""text"":""‡§ï‡§∞"",""labels"":[""PART""]},{""start"":33,""end"":37,""text"":""‡§ú‡§®‡§§‡§æ"",""labels"":[""NOUN""]},{""start"":38,""end"":40,""text"":""‡§ï‡•ã"",""labels"":[""ADP""]},{""start"":41,""end"":44,""text"":""‡§≤‡•Ç‡§ü"",""labels"":[""VERB""]},{""start"":45,""end"":48,""text"":""‡§∞‡§π‡•á"",""labels"":[""PART""]},{""start"":49,""end"":52,""text"":""‡§π‡•à‡§Ç"",""labels"":[""VERB""]},{""start"":53,""end"":90,""text"":""#electricity #gujaratbjp #modi #adani"",""labels"":[""X""]}]",109.795,"Adani ‡§î‡§∞ Gujarat BJP Govt ‡§Æ‡§ø‡§≤ ‡§ï‡§∞ ‡§ú‡§®‡§§‡§æ ‡§ï‡•ã ‡§≤‡•Ç‡§ü ‡§∞‡§π‡•á ‡§π‡•à‡§Ç #electricity #gujaratbjp #modi #adani","2025-01-27T14:39:16.033190Z"
