"annotation_id","annotator","created_at","id","label","lead_time","text","updated_at"
37,"2","2025-01-27T14:04:32.758528Z",37,"[{""start"":0,""end"":12,""text"":""Sanjay Singh"",""labels"":[""PROPN""]},{""start"":13,""end"":15,""text"":""‡§ï‡•Ä"",""labels"":[""NOUN""]},{""start"":16,""end"":29,""text"":""Narendra Modi"",""labels"":[""PROPN""]},{""start"":30,""end"":32,""text"":""‡§ï‡•ã"",""labels"":[""ADJ""]},{""start"":33,""end"":36,""text"":""‡§¶‡•ã "",""labels"":[""VERB""]},{""start"":36,""end"":39,""text"":""‡§ü‡•Ç‡§ï"",""labels"":[""NOUN""]},{""start"":39,""end"":42,""text"":"", \"""",""labels"":[""X""]},{""start"":42,""end"":44,""text"":""‡§á‡§∏"",""labels"":[""DET""]},{""start"":42,""end"":44,""text"":""‡§á‡§∏"",""labels"":[""DET""]},{""start"":45,""end"":49,""text"":""‡§ú‡§®‡•ç‡§Æ"",""labels"":[""NOUN""]},{""start"":50,""end"":52,""text"":""‡§§‡•ã"",""labels"":[""PART""]},{""start"":53,""end"":57,""text"":""‡§ï‡•ç‡§Ø‡§æ"",""labels"":[""PRON_WH""]},{""start"":58,""end"":63,""text"":""‡§™‡§ø‡§õ‡§≤‡•á"",""labels"":[""ADJ""]},{""start"":64,""end"":68,""text"":""‡§ú‡§®‡•ç‡§Æ"",""labels"":[""NOUN""]},{""start"":69,""end"":71,""text"":""‡§ï‡•á"",""labels"":[""ADJ""]},{""start"":72,""end"":74,""text"":""‡§≠‡•Ä"",""labels"":[""PART""]},{""start"":74,""end"":98,""text"":""..\"" #sanjaysingh #shorts"",""labels"":[""X""]}]",805.505,"Sanjay Singh ‡§ï‡•Ä Narendra Modi ‡§ï‡•ã ‡§¶‡•ã ‡§ü‡•Ç‡§ï, ""‡§á‡§∏ ‡§ú‡§®‡•ç‡§Æ ‡§§‡•ã ‡§ï‡•ç‡§Ø‡§æ ‡§™‡§ø‡§õ‡§≤‡•á ‡§ú‡§®‡•ç‡§Æ ‡§ï‡•á ‡§≠‡•Ä.."" #sanjaysingh #shorts","2025-01-27T14:04:32.758561Z"
38,"2","2025-01-27T14:08:26.501104Z",38,"[{""start"":0,""end"":2,""text"":""‡§è‡§ï"",""labels"":[""DET""]},{""start"":3,""end"":5,""text"":""‡§î‡§∞"",""labels"":[""CONJ""]},{""start"":6,""end"":9,""text"":""AAP"",""labels"":[""PROPN""]},{""start"":10,""end"":14,""text"":""‡§®‡•á‡§§‡§æ"",""labels"":[""NOUN""]},{""start"":15,""end"":32,""text"":""Saurabh Bharadwaj"",""labels"":[""PROPN""]},{""start"":33,""end"":36,""text"":""‡§®‡•á "",""labels"":[""ADP""]},{""start"":36,""end"":41,""text"":""‡§¶‡§ø‡§ñ‡§æ‡§à"",""labels"":[""VERB""]},{""start"":42,""end"":46,""text"":""‡§Ö‡§™‡§®‡•Ä"",""labels"":[""PRON""]},{""start"":47,""end"":53,""text"":""Degree"",""labels"":[""NOUN""]},{""start"":54,""end"":55,""text"":""üî•"",""labels"":[""X""]},{""start"":56,""end"":57,""text"":""|"",""labels"":[""X""]},{""start"":58,""end"":71,""text"":""Narendra Modi"",""labels"":[""PROPN""]}]",220.104,"‡§è‡§ï ‡§î‡§∞ AAP ‡§®‡•á‡§§‡§æ Saurabh Bharadwaj ‡§®‡•á ‡§¶‡§ø‡§ñ‡§æ‡§à ‡§Ö‡§™‡§®‡•Ä Degree üî• | Narendra Modi","2025-01-27T14:08:26.501121Z"
39,"2","2025-01-27T14:12:05.585609Z",39,"[{""start"":0,""end"":3,""text"":""ED "",""labels"":[""PROPN""]},{""start"":3,""end"":5,""text"":""‡§ï‡•Ä"",""labels"":[""ADP""]},{""start"":6,""end"":10,""text"":""Fake"",""labels"":[""ADJ""]},{""start"":11,""end"":22,""text"":""Chargesheet"",""labels"":[""NOUN""]},{""start"":23,""end"":25,""text"":""‡§∏‡•á"",""labels"":[""ADP""]},{""start"":26,""end"":38,""text"":""Sanjay Singh"",""labels"":[""PROPN""]},{""start"":42,""end"":46,""text"":""Modi"",""labels"":[""PROPN""]},{""start"":39,""end"":41,""text"":""‡§®‡•á"",""labels"":[""ADP""]},{""start"":47,""end"":49,""text"":""‡§ï‡•ã"",""labels"":[""ADP""]},{""start"":50,""end"":54,""text"":""‡§ï‡§ø‡§Ø‡§æ"",""labels"":[""VERB""]},{""start"":62,""end"":63,""text"":""|"",""labels"":[""X""]},{""start"":64,""end"":79,""text"":""Aam Aadmi Party"",""labels"":[""PROPN""]}]",201.769,"ED ‡§ï‡•Ä Fake Chargesheet ‡§∏‡•á Sanjay Singh ‡§®‡•á Modi ‡§ï‡•ã ‡§ï‡§ø‡§Ø‡§æ EXPOSE | Aam Aadmi Party","2025-01-27T14:12:05.585628Z"
40,"2","2025-01-27T14:14:35.576824Z",40,"[{""start"":0,""end"":15,""text"":""Arvind Kejriwal"",""labels"":[""PROPN""]},{""start"":16,""end"":19,""text"":""‡§∏‡•á "",""labels"":[""ADP""]},{""start"":19,""end"":31,""text"":""‡§Æ‡§ø‡§≤‡§®‡•á ‡§™‡§π‡•Å‡§Ç‡§ö‡•á"",""labels"":[""VERB""]},{""start"":32,""end"":44,""text"":""Nitish Kumar"",""labels"":[""PROPN""]},{""start"":45,""end"":47,""text"":""‡§®‡•á"",""labels"":[""ADP""]},{""start"":48,""end"":64,""text"":""Opposition Unity"",""labels"":[""NOUN""]},{""start"":65,""end"":67,""text"":""‡§™‡§∞"",""labels"":[""ADP""]},{""start"":73,""end"":76,""text"":""‡§ï‡§π‡§æ"",""labels"":[""VERB""]},{""start"":68,""end"":72,""text"":""‡§ï‡•ç‡§Ø‡§æ"",""labels"":[""PRON_WH""]},{""start"":76,""end"":80,""text"":""? | "",""labels"":[""X""]},{""start"":80,""end"":95,""text"":""Aam Aadmi Party"",""labels"":[""PROPN""]}]",143.187,"Arvind Kejriwal ‡§∏‡•á ‡§Æ‡§ø‡§≤‡§®‡•á ‡§™‡§π‡•Å‡§Ç‡§ö‡•á Nitish Kumar ‡§®‡•á Opposition Unity ‡§™‡§∞ ‡§ï‡•ç‡§Ø‡§æ ‡§ï‡§π‡§æ? | Aam Aadmi Party","2025-01-27T14:14:35.576848Z"
41,"2","2025-01-27T14:17:39.609477Z",41,"[{""start"":0,""end"":2,""text"":""‡§è‡§ï"",""labels"":[""DET""]},{""start"":3,""end"":5,""text"":""‡§î‡§∞"",""labels"":[""CONJ""]},{""start"":6,""end"":9,""text"":""AAP"",""labels"":[""PROPN""]},{""start"":10,""end"":14,""text"":""‡§®‡•á‡§§‡§æ"",""labels"":[""NOUN""]},{""start"":15,""end"":27,""text"":""Jasmine Shah"",""labels"":[""PROPN""]},{""start"":76,""end"":89,""text"":""Narendra Modi"",""labels"":[""PROPN""]},{""start"":72,""end"":75,""text"":""üî• |"",""labels"":[""X""]},{""start"":28,""end"":31,""text"":""‡§®‡•á "",""labels"":[""ADP""]},{""start"":48,""end"":51,""text"":""‡§Æ‡•á‡§Ç"",""labels"":[""ADP""]},{""start"":31,""end"":47,""text"":""Press Conference"",""labels"":[""NOUN""]},{""start"":52,""end"":59,""text"":""‡§¶‡§ø‡§ñ‡§æ ‡§¶‡•Ä"",""labels"":[""VERB""]},{""start"":60,""end"":65,""text"":""‡§Ö‡§™‡§®‡•Ä "",""labels"":[""PRON""]},{""start"":65,""end"":71,""text"":""Degree"",""labels"":[""NOUN""]}]",181.737,"‡§è‡§ï ‡§î‡§∞ AAP ‡§®‡•á‡§§‡§æ Jasmine Shah ‡§®‡•á Press Conference ‡§Æ‡•á‡§Ç ‡§¶‡§ø‡§ñ‡§æ ‡§¶‡•Ä ‡§Ö‡§™‡§®‡•Ä Degree üî• | Narendra Modi","2025-01-27T14:17:39.609494Z"
42,"2","2025-01-27T14:20:15.186397Z",42,"[{""start"":69,""end"":72,""text"":""ü§£ |"",""labels"":[""X""]},{""start"":73,""end"":76,""text"":""AAP"",""labels"":[""PROPN""]},{""start"":80,""end"":83,""text"":""BJP"",""labels"":[""PROPN""]},{""start"":77,""end"":79,""text"":""Vs"",""labels"":[""CONJ""]},{""start"":38,""end"":55,""text"":""Saurabh Bharadwaj"",""labels"":[""PROPN""]},{""start"":0,""end"":21,""text"":""LG Vinai Kumar Saxena"",""labels"":[""PROPN""]},{""start"":22,""end"":24,""text"":""‡§ï‡•Ä"",""labels"":[""ADP""]},{""start"":25,""end"":30,""text"":""‡§ï‡•å‡§®‡§∏‡•Ä"",""labels"":[""PRON""]},{""start"":31,""end"":34,""text"":""‡§¨‡§æ‡§§"",""labels"":[""NOUN""]},{""start"":35,""end"":37,""text"":""‡§™‡§∞"",""labels"":[""ADP""]},{""start"":56,""end"":58,""text"":""‡§ï‡•ã"",""labels"":[""ADP""]},{""start"":59,""end"":63,""text"":""‡§π‡§Ç‡§∏‡•Ä"",""labels"":[""NOUN""]},{""start"":64,""end"":68,""text"":""‡§Ü ‡§ó‡§à"",""labels"":[""VERB""]}]",154.087,"LG Vinai Kumar Saxena ‡§ï‡•Ä ‡§ï‡•å‡§®‡§∏‡•Ä ‡§¨‡§æ‡§§ ‡§™‡§∞ Saurabh Bharadwaj ‡§ï‡•ã ‡§π‡§Ç‡§∏‡•Ä ‡§Ü ‡§ó‡§à ü§£ | AAP Vs BJP","2025-01-27T14:20:15.186426Z"
43,"2","2025-01-27T14:23:19.481397Z",43,"[{""start"":0,""end"":6,""text"":""Atishi"",""labels"":[""PROPN""]},{""start"":15,""end"":17,""text"":""DU"",""labels"":[""PROPN""]},{""start"":21,""end"":27,""text"":""Oxford"",""labels"":[""PROPN""]},{""start"":7,""end"":9,""text"":""‡§®‡•á"",""labels"":[""ADP""]},{""start"":10,""end"":14,""text"":""‡§Ö‡§™‡§®‡•Ä"",""labels"":[""PRON""]},{""start"":18,""end"":20,""text"":""‡§î‡§∞"",""labels"":[""CONJ""]},{""start"":28,""end"":30,""text"":""‡§ï‡•Ä"",""labels"":[""ADP""]},{""start"":31,""end"":37,""text"":""Degree"",""labels"":[""NOUN""]},{""start"":55,""end"":56,""text"":""'"",""labels"":[""X""]},{""start"":75,""end"":78,""text"":""' |"",""labels"":[""X""]},{""start"":79,""end"":92,""text"":""Narendra Modi"",""labels"":[""PROPN""]},{""start"":38,""end"":54,""text"":""‡§¶‡§ø‡§ñ‡§æ‡§ï‡§∞ ‡§∂‡•Å‡§∞‡•Ç ‡§ï‡§ø‡§Ø‡§æ"",""labels"":[""VERB""]},{""start"":56,""end"":75,""text"":""Degree ‡§¶‡§ø‡§ñ‡§æ‡§ì ‡§Ö‡§≠‡§ø‡§Ø‡§æ‡§®"",""labels"":[""NOUN""]}]",179.156,"Atishi ‡§®‡•á ‡§Ö‡§™‡§®‡•Ä DU ‡§î‡§∞ Oxford ‡§ï‡•Ä Degree ‡§¶‡§ø‡§ñ‡§æ‡§ï‡§∞ ‡§∂‡•Å‡§∞‡•Ç ‡§ï‡§ø‡§Ø‡§æ 'Degree ‡§¶‡§ø‡§ñ‡§æ‡§ì ‡§Ö‡§≠‡§ø‡§Ø‡§æ‡§®' | Narendra Modi","2025-01-27T14:23:19.481482Z"
44,"2","2025-01-27T14:24:48.289292Z",44,"[{""start"":59,""end"":95,""text"":""? | #aamaadmiparty #kejriwal #shorts"",""labels"":[""X""]},{""start"":0,""end"":14,""text"":""Manish Sisodia"",""labels"":[""PROPN""]},{""start"":28,""end"":43,""text"":""Arvind Kejriwal"",""labels"":[""PROPN""]},{""start"":44,""end"":47,""text"":""‡§®‡•á "",""labels"":[""ADP""]},{""start"":15,""end"":17,""text"":""‡§ï‡•á"",""labels"":[""ADP""]},{""start"":18,""end"":24,""text"":""Arrest"",""labels"":[""NOUN""]},{""start"":25,""end"":27,""text"":""‡§™‡§∞"",""labels"":[""ADP""]},{""start"":47,""end"":51,""text"":""‡§ï‡•ç‡§Ø‡§æ"",""labels"":[""PRON_WH""]},{""start"":52,""end"":59,""text"":""‡§ï‡§π ‡§¶‡§ø‡§Ø‡§æ"",""labels"":[""VERB""]}]",86.591,"Manish Sisodia ‡§ï‡•á Arrest ‡§™‡§∞ Arvind Kejriwal ‡§®‡•á ‡§ï‡•ç‡§Ø‡§æ ‡§ï‡§π ‡§¶‡§ø‡§Ø‡§æ? | #aamaadmiparty #kejriwal #shorts","2025-01-27T14:24:48.289304Z"
45,"2","2025-01-27T14:38:01.762558Z",45,"[{""start"":0,""end"":15,""text"":""Arvind Kejriwal"",""labels"":[""PROPN""]},{""start"":40,""end"":43,""text"":""BJP"",""labels"":[""PROPN""]},{""start"":69,""end"":72,""text"":""BJP"",""labels"":[""PROPN""]},{""start"":93,""end"":97,""text"":""‚ö°Ô∏è‚ö°Ô∏è"",""labels"":[""X""]},{""start"":16,""end"":18,""text"":""‡§®‡•á"",""labels"":[""ADJ""]},{""start"":19,""end"":36,""text"":""Delhi Govt School"",""labels"":[""NOUN""]},{""start"":37,""end"":39,""text"":""‡§™‡§∞"",""labels"":[""ADJ""]},{""start"":44,""end"":46,""text"":""‡§ï‡•ã"",""labels"":[""ADP""]},{""start"":47,""end"":51,""text"":""‡§¶‡§ø‡§Ø‡§æ"",""labels"":[""VERB""]},{""start"":52,""end"":66,""text"":""OPEN CHALLENGE"",""labels"":[""NOUN""]},{""start"":67,""end"":68,""text"":""|"",""labels"":[""X""]},{""start"":73,""end"":77,""text"":""‡§µ‡§æ‡§≤‡•ã"",""labels"":[""NOUN""]},{""start"":78,""end"":80,""text"":""‡§ï‡•Ä"",""labels"":[""ADP""]},{""start"":88,""end"":93,""text"":""‡§®‡•Ä‡§Ç‡§¶ "",""labels"":[""NOUN""]},{""start"":81,""end"":87,""text"":""‡§â‡•ú ‡§ó‡§Ø‡•Ä"",""labels"":[""VERB""]}]",786.979,"Arvind Kejriwal ‡§®‡•á Delhi Govt School ‡§™‡§∞ BJP ‡§ï‡•ã ‡§¶‡§ø‡§Ø‡§æ OPEN CHALLENGE | BJP ‡§µ‡§æ‡§≤‡•ã ‡§ï‡•Ä ‡§â‡•ú ‡§ó‡§Ø‡•Ä ‡§®‡•Ä‡§Ç‡§¶ ‚ö°Ô∏è‚ö°Ô∏è","2025-01-27T14:38:01.762572Z"
46,"2","2025-01-27T14:39:45.978475Z",46,"[{""start"":0,""end"":3,""text"":""CM "",""labels"":[""PROPN""]},{""start"":3,""end"":18,""text"":""Arvind Kejriwal"",""labels"":[""NOUN""]},{""start"":31,""end"":47,""text"":""East Vinod Nagar"",""labels"":[""NOUN""]},{""start"":55,""end"":70,""text"":""School Building"",""labels"":[""PROPN""]},{""start"":71,""end"":73,""text"":""‡§ï‡§æ"",""labels"":[""ADP""]},{""start"":27,""end"":30,""text"":"" ‡§ï‡•á"",""labels"":[""ADP""]},{""start"":19,""end"":22,""text"":""‡§®‡•á "",""labels"":[""ADP""]},{""start"":22,""end"":27,""text"":""Delhi"",""labels"":[""NOUN""]},{""start"":48,""end"":51,""text"":""‡§Æ‡•á‡§Ç"",""labels"":[""ADP""]},{""start"":52,""end"":55,""text"":""‡§®‡§à "",""labels"":[""ADV""]},{""start"":74,""end"":78,""text"":""‡§ï‡§ø‡§Ø‡§æ"",""labels"":[""VERB""]},{""start"":79,""end"":88,""text"":""‡§∂‡§ø‡§≤‡§æ‡§®‡•ç‡§Ø‡§æ‡§∏"",""labels"":[""NOUN""]}]",99.211,"CM Arvind Kejriwal ‡§®‡•á Delhi ‡§ï‡•á East Vinod Nagar ‡§Æ‡•á‡§Ç ‡§®‡§à School Building ‡§ï‡§æ ‡§ï‡§ø‡§Ø‡§æ ‡§∂‡§ø‡§≤‡§æ‡§®‡•ç‡§Ø‡§æ‡§∏","2025-01-27T14:39:45.978504Z"
47,"2","2025-01-27T14:41:48.420003Z",47,"[{""start"":0,""end"":15,""text"":""Arvind Kejriwal"",""labels"":[""PROPN""]},{""start"":19,""end"":25,""text"":""Punjab"",""labels"":[""PROPN""]},{""start"":86,""end"":100,""text"":""| #aap #shorts"",""labels"":[""X""]},{""start"":16,""end"":18,""text"":""‡§®‡•á"",""labels"":[""ADP""]},{""start"":26,""end"":29,""text"":""‡§Æ‡•á‡§Ç"",""labels"":[""ADP""]},{""start"":30,""end"":41,""text"":""Law & Order"",""labels"":[""NOUN""]},{""start"":42,""end"":46,""text"":""‡§Æ‡•á‡§Ç "",""labels"":[""ADP""]},{""start"":46,""end"":49,""text"":""‡§π‡•Å‡§è"",""labels"":[""VERB""]},{""start"":50,""end"":61,""text"":""‡§ï‡•ç‡§∞‡§®‡•ç‡§§‡§ø‡§ï‡§æ‡§∞‡•Ä"",""labels"":[""ADJ""]},{""start"":62,""end"":67,""text"":""‡§¨‡§¶‡§≤‡§æ‡§µ"",""labels"":[""NOUN""]},{""start"":68,""end"":79,""text"":""‡§ï‡•á ‡§¨‡§æ‡§∞‡•á ‡§Æ‡•á‡§Ç"",""labels"":[""ADP""]},{""start"":80,""end"":85,""text"":""‡§¨‡§§‡§æ‡§Ø‡§æ"",""labels"":[""VERB""]}]",117.605,"Arvind Kejriwal ‡§®‡•á Punjab ‡§Æ‡•á‡§Ç Law & Order ‡§Æ‡•á‡§Ç ‡§π‡•Å‡§è ‡§ï‡•ç‡§∞‡§®‡•ç‡§§‡§ø‡§ï‡§æ‡§∞‡•Ä ‡§¨‡§¶‡§≤‡§æ‡§µ ‡§ï‡•á ‡§¨‡§æ‡§∞‡•á ‡§Æ‡•á‡§Ç ‡§¨‡§§‡§æ‡§Ø‡§æ | #aap #shorts","2025-01-27T14:41:48.420028Z"
48,"2","2025-01-27T14:44:37.850990Z",48,"[{""start"":0,""end"":15,""text"":""Hanuman Jayanti"",""labels"":[""PROPN""]},{""start"":18,""end"":30,""text"":""‡§π‡§®‡•Å‡§Æ‡§æ‡§® ‡§ú‡§Ø‡§Ç‡§§‡•Ä"",""labels"":[""PROPN""]},{""start"":16,""end"":17,""text"":""|"",""labels"":[""X""]},{""start"":31,""end"":33,""text"":""‡§™‡§∞"",""labels"":[""ADP""]},{""start"":34,""end"":49,""text"":""Arvind Kejriwal"",""labels"":[""PROPN""]},{""start"":50,""end"":52,""text"":""‡§®‡•á"",""labels"":[""ADP""]},{""start"":53,""end"":57,""text"":""‡§≤‡§ø‡§Ø‡§æ"",""labels"":[""VERB""]},{""start"":58,""end"":69,""text"":""#bajranbali"",""labels"":[""X""]},{""start"":70,""end"":72,""text"":""‡§ï‡§æ"",""labels"":[""ADP""]},{""start"":73,""end"":81,""text"":""‡§Ü‡§∂‡•Ä‡§∞‡•ç‡§µ‡§æ‡§¶"",""labels"":[""NOUN""]},{""start"":82,""end"":99,""text"":""| #hanumanjayanti"",""labels"":[""X""]}]",142.846,"Hanuman Jayanti | ‡§π‡§®‡•Å‡§Æ‡§æ‡§® ‡§ú‡§Ø‡§Ç‡§§‡•Ä ‡§™‡§∞ Arvind Kejriwal ‡§®‡•á ‡§≤‡§ø‡§Ø‡§æ #bajranbali ‡§ï‡§æ ‡§Ü‡§∂‡•Ä‡§∞‡•ç‡§µ‡§æ‡§¶ | #hanumanjayanti","2025-01-27T14:44:37.851011Z"
49,"2","2025-01-27T14:46:32.322313Z",49,"[{""start"":0,""end"":10,""text"":""Adani Modi"",""labels"":[""PROPN""]},{""start"":11,""end"":14,""text"":""‡§™‡§∞ "",""labels"":[""ADP""]},{""start"":14,""end"":17,""text"":""AAP"",""labels"":[""PROPN""]},{""start"":18,""end"":22,""text"":""‡§®‡•á‡§§‡§æ"",""labels"":[""NOUN""]},{""start"":23,""end"":35,""text"":""Sanjay Singh"",""labels"":[""PROPN""]},{""start"":36,""end"":38,""text"":""‡§®‡•á"",""labels"":[""ADP""]},{""start"":39,""end"":43,""text"":""‡§ï‡§ø‡§Ø‡§æ"",""labels"":[""VERB""]},{""start"":44,""end"":47,""text"":""‡§¨‡•ú‡§æ"",""labels"":[""ADJ""]},{""start"":55,""end"":58,""text"":""üî• |"",""labels"":[""X""]},{""start"":48,""end"":54,""text"":""‡§ñ‡•Å‡§≤‡§æ‡§∏‡§æ"",""labels"":[""NOUN""]},{""start"":59,""end"":62,""text"":""‡§∏‡•Å‡§®"",""labels"":[""VERB""]},{""start"":63,""end"":65,""text"":""‡§ï‡§∞"",""labels"":[""PART""]},{""start"":66,""end"":71,""text"":""‡§π‡•à‡§∞‡§æ‡§®"",""labels"":[""ADJ""]},{""start"":72,""end"":80,""text"":""‡§π‡•ã ‡§ú‡§æ‡§ì‡§ó‡•á"",""labels"":[""VERB""]},{""start"":81,""end"":83,""text"":""‡§Ü‡§™"",""labels"":[""PRON""]}]",109.914,"Adani Modi ‡§™‡§∞ AAP ‡§®‡•á‡§§‡§æ Sanjay Singh ‡§®‡•á ‡§ï‡§ø‡§Ø‡§æ ‡§¨‡•ú‡§æ ‡§ñ‡•Å‡§≤‡§æ‡§∏‡§æ üî• | ‡§∏‡•Å‡§® ‡§ï‡§∞ ‡§π‡•à‡§∞‡§æ‡§® ‡§π‡•ã ‡§ú‡§æ‡§ì‡§ó‡•á ‡§Ü‡§™","2025-01-27T14:46:32.322326Z"
50,"2","2025-01-27T14:49:14.456680Z",50,"[{""start"":0,""end"":6,""text"":""Punjab"",""labels"":[""PROPN""]},{""start"":12,""end"":26,""text"":""CM Di Yogshala"",""labels"":[""X""]},{""start"":11,""end"":12,""text"":""'"",""labels"":[""X""]},{""start"":26,""end"":27,""text"":""'"",""labels"":[""X""]},{""start"":87,""end"":90,""text"":""üî•| "",""labels"":[""X""]},{""start"":90,""end"":100,""text"":""AAP Punjab"",""labels"":[""PROPN""]},{""start"":49,""end"":64,""text"":""Arvind Kejriwal"",""labels"":[""PROPN""]},{""start"":7,""end"":10,""text"":""‡§Æ‡•á‡§Ç"",""labels"":[""ADP""]},{""start"":28,""end"":30,""text"":""‡§ï‡•á"",""labels"":[""ADP""]},{""start"":31,""end"":37,""text"":""Launch"",""labels"":[""NOUN""]},{""start"":38,""end"":40,""text"":""‡§ï‡•á"",""labels"":[""ADP""]},{""start"":46,""end"":48,""text"":""‡§™‡§∞"",""labels"":[""ADP""]},{""start"":41,""end"":45,""text"":""‡§Æ‡•å‡§ï‡•á"",""labels"":[""NOUN""]},{""start"":65,""end"":67,""text"":""‡§ï‡•Ä"",""labels"":[""ADP""]},{""start"":68,""end"":72,""text"":""Full"",""labels"":[""ADJ""]},{""start"":73,""end"":79,""text"":""Latest"",""labels"":[""ADJ""]},{""start"":80,""end"":86,""text"":""Speech"",""labels"":[""NOUN""]}]",160.69,"Punjab ‡§Æ‡•á‡§Ç 'CM Di Yogshala' ‡§ï‡•á Launch ‡§ï‡•á ‡§Æ‡•å‡§ï‡•á ‡§™‡§∞ Arvind Kejriwal ‡§ï‡•Ä Full Latest Speech üî•| AAP Punjab","2025-01-27T14:49:14.456707Z"
51,"2","2025-01-27T14:50:27.174365Z",51,"[{""start"":0,""end"":6,""text"":""Punjab"",""labels"":[""PROPN""]},{""start"":7,""end"":11,""text"":""‡§Æ‡•á‡§Ç "",""labels"":[""ADP""]},{""start"":11,""end"":26,""text"":""Arvind Kejriwal"",""labels"":[""PROPN""]},{""start"":27,""end"":29,""text"":""‡§î‡§∞"",""labels"":[""CONJ""]},{""start"":30,""end"":46,""text"":""CM Bhagwant Mann"",""labels"":[""PROPN""]},{""start"":47,""end"":49,""text"":""‡§ï‡•Ä"",""labels"":[""ADP""]},{""start"":50,""end"":66,""text"":""Press Conference"",""labels"":[""NOUN""]},{""start"":67,""end"":69,""text"":""| "",""labels"":[""X""]},{""start"":69,""end"":91,""text"":""Aam Aadmi Party Punjab"",""labels"":[""PROPN""]}]",68.126,"Punjab ‡§Æ‡•á‡§Ç Arvind Kejriwal ‡§î‡§∞ CM Bhagwant Mann ‡§ï‡•Ä Press Conference | Aam Aadmi Party Punjab","2025-01-27T14:50:27.174389Z"
52,"2","2025-01-27T14:52:46.933181Z",52,"[{""start"":0,""end"":15,""text"":""Arvind Kejriwal"",""labels"":[""PROPN""]},{""start"":16,""end"":20,""text"":""and "",""labels"":[""CONJ""]},{""start"":20,""end"":36,""text"":""CM Bhagwant Mann"",""labels"":[""PROPN""]},{""start"":37,""end"":39,""text"":""‡§®‡•á"",""labels"":[""ADP""]},{""start"":40,""end"":46,""text"":""Punjab"",""labels"":[""PROPN""]},{""start"":47,""end"":50,""text"":""‡§Æ‡•á‡§Ç"",""labels"":[""ADP""]},{""start"":60,""end"":74,""text"":""CM Di Yogshala"",""labels"":[""PROPN""]},{""start"":58,""end"":60,""text"":"" '"",""labels"":[""X""]},{""start"":74,""end"":78,""text"":""' | "",""labels"":[""X""]},{""start"":78,""end"":88,""text"":""AAP Punjab"",""labels"":[""PROPN""]},{""start"":51,""end"":58,""text"":""‡§∂‡•Å‡§∞‡•Ç ‡§ï‡•Ä"",""labels"":[""VERB""]}]",131.977,"Arvind Kejriwal and CM Bhagwant Mann ‡§®‡•á Punjab ‡§Æ‡•á‡§Ç ‡§∂‡•Å‡§∞‡•Ç ‡§ï‡•Ä 'CM Di Yogshala' | AAP Punjab","2025-01-27T14:52:46.933201Z"
53,"2","2025-01-27T14:56:20.099560Z",53,"[{""start"":0,""end"":3,""text"":""BJP"",""labels"":[""PROPN""]},{""start"":7,""end"":15,""text"":""Congress"",""labels"":[""PROPN""]},{""start"":31,""end"":37,""text"":""#Assam"",""labels"":[""X""]},{""start"":50,""end"":64,""text"":""#AamAadmiParty"",""labels"":[""X""]},{""start"":79,""end"":96,""text"":"": #ArvindKejriwal"",""labels"":[""X""]},{""start"":4,""end"":6,""text"":""‡§î‡§∞"",""labels"":[""CONJ""]},{""start"":16,""end"":18,""text"":""‡§∏‡•á"",""labels"":[""ADP""]},{""start"":19,""end"":25,""text"":""‡§™‡§∞‡•á‡§∂‡§æ‡§®"",""labels"":[""ADV""]},{""start"":26,""end"":30,""text"":""‡§π‡•ã‡§ï‡§∞"",""labels"":[""VERB""]},{""start"":38,""end"":40,""text"":""‡§ï‡•á"",""labels"":[""ADP""]},{""start"":41,""end"":46,""text"":""‡§≤‡•ã‡§ó‡•ã‡§Ç"",""labels"":[""NOUN""]},{""start"":47,""end"":49,""text"":""‡§®‡•á"",""labels"":[""ADP""]},{""start"":65,""end"":67,""text"":""‡§ï‡•ã"",""labels"":[""ADP""]},{""start"":68,""end"":75,""text"":""‡§®‡•ç‡§Ø‡•ã‡§§‡§æ "",""labels"":[""NOUN""]},{""start"":75,""end"":79,""text"":""‡§¶‡§ø‡§Ø‡§æ"",""labels"":[""VERB""]}]",211.155,"BJP ‡§î‡§∞ Congress ‡§∏‡•á ‡§™‡§∞‡•á‡§∂‡§æ‡§® ‡§π‡•ã‡§ï‡§∞ #Assam ‡§ï‡•á ‡§≤‡•ã‡§ó‡•ã‡§Ç ‡§®‡•á #AamAadmiParty ‡§ï‡•ã ‡§®‡•ç‡§Ø‡•ã‡§§‡§æ ‡§¶‡§ø‡§Ø‡§æ: #ArvindKejriwal","2025-01-27T14:56:20.099580Z"
54,"2","2025-01-27T14:58:26.831820Z",54,"[{""start"":0,""end"":8,""text"":""Assam CM"",""labels"":[""PROPN""]},{""start"":12,""end"":27,""text"":""Arvind Kejriwal"",""labels"":[""PROPN""]},{""start"":9,""end"":11,""text"":""‡§ï‡•ã"",""labels"":[""ADP""]},{""start"":28,""end"":30,""text"":""‡§ï‡§æ"",""labels"":[""ADP""]},{""start"":31,""end"":41,""text"":""Invitation"",""labels"":[""NOUN""]},{""start"":41,""end"":43,""text"":"", "",""labels"":[""X""]},{""start"":43,""end"":49,""text"":""‡§∂‡§æ‡§®‡§¶‡§æ‡§∞"",""labels"":[""ADJ""]},{""start"":50,""end"":61,""text"":""Govt School"",""labels"":[""NOUN""]},{""start"":62,""end"":64,""text"":"", "",""labels"":[""X""]},{""start"":64,""end"":73,""text"":""Hospital "",""labels"":[""NOUN""]},{""start"":73,""end"":75,""text"":""‡§î‡§∞"",""labels"":[""CONJ""]},{""start"":76,""end"":90,""text"":""Mohalla Clinic"",""labels"":[""PROPN""]},{""start"":91,""end"":99,""text"":""‡§¶‡§ø‡§ñ‡§æ‡§è‡§Ç‡§ó‡•á"",""labels"":[""VERB""]},{""start"":99,""end"":100,""text"":""!\\n"",""labels"":[""X""]}]",113.068,"Assam CM ‡§ï‡•ã Arvind Kejriwal ‡§ï‡§æ Invitation, ‡§∂‡§æ‡§®‡§¶‡§æ‡§∞ Govt School , Hospital ‡§î‡§∞ Mohalla Clinic ‡§¶‡§ø‡§ñ‡§æ‡§è‡§Ç‡§ó‡•á!","2025-01-27T14:58:26.831849Z"
55,"2","2025-01-27T15:00:47.371427Z",55,"[{""start"":0,""end"":7,""text"":""PM Modi"",""labels"":[""PROPN""]},{""start"":14,""end"":17,""text"":""CBI"",""labels"":[""PROPN""]},{""start"":24,""end"":36,""text"":""Sanjay Singh"",""labels"":[""PROPN""]},{""start"":8,""end"":10,""text"":""‡§®‡•á"",""labels"":[""ADP""]},{""start"":11,""end"":13,""text"":""‡§ï‡•Ä"",""labels"":[""VERB""]},{""start"":18,""end"":23,""text"":""‡§§‡§æ‡§∞‡•Ä‡§´"",""labels"":[""NOUN""]},{""start"":37,""end"":39,""text"":""‡§®‡•á"",""labels"":[""ADP""]},{""start"":40,""end"":51,""text"":""‡§ï‡§ø‡§Ø‡§æ EXPOSE"",""labels"":[""VERB""]},{""start"":52,""end"":53,""text"":""|"",""labels"":[""X""]},{""start"":54,""end"":58,""text"":""‡§™‡•Ç‡§õ‡•á"",""labels"":[""VERB""]},{""start"":59,""end"":62,""text"":""‡§ï‡•ú‡•á"",""labels"":[""ADJ""]},{""start"":63,""end"":67,""text"":""‡§∏‡§µ‡§æ‡§≤"",""labels"":[""NOUN""]},{""start"":68,""end"":69,""text"":""|"",""labels"":[""X""]},{""start"":70,""end"":85,""text"":""Aam Aadmi Party"",""labels"":[""PROPN""]}]",114.643,"PM Modi ‡§®‡•á ‡§ï‡•Ä CBI ‡§§‡§æ‡§∞‡•Ä‡§´ Sanjay Singh ‡§®‡•á ‡§ï‡§ø‡§Ø‡§æ EXPOSE | ‡§™‡•Ç‡§õ‡•á ‡§ï‡•ú‡•á ‡§∏‡§µ‡§æ‡§≤ | Aam Aadmi Party","2025-01-27T15:00:47.371448Z"
56,"2","2025-01-27T15:02:25.429362Z",56,"[{""start"":0,""end"":5,""text"":""Adani"",""labels"":[""PROPN""]},{""start"":9,""end"":25,""text"":""Gujarat BJP Govt"",""labels"":[""PROPN""]},{""start"":6,""end"":8,""text"":""‡§î‡§∞"",""labels"":[""CONJ""]},{""start"":33,""end"":38,""text"":""‡§ú‡§®‡§§‡§æ "",""labels"":[""NOUN""]},{""start"":38,""end"":40,""text"":""‡§ï‡•ã"",""labels"":[""ADP""]},{""start"":26,""end"":29,""text"":""‡§Æ‡§ø‡§≤"",""labels"":[""VERB""]},{""start"":30,""end"":32,""text"":""‡§ï‡§∞"",""labels"":[""PART""]},{""start"":41,""end"":52,""text"":""‡§≤‡•Ç‡§ü ‡§∞‡§π‡•á ‡§π‡•à‡§Ç"",""labels"":[""VERB""]},{""start"":53,""end"":90,""text"":""#electricity #gujaratbjp #modi #adani"",""labels"":[""X""]}]",95.742,"Adani ‡§î‡§∞ Gujarat BJP Govt ‡§Æ‡§ø‡§≤ ‡§ï‡§∞ ‡§ú‡§®‡§§‡§æ ‡§ï‡•ã ‡§≤‡•Ç‡§ü ‡§∞‡§π‡•á ‡§π‡•à‡§Ç #electricity #gujaratbjp #modi #adani","2025-01-27T15:02:25.429395Z"
